{
    "mse": 0.6738695704480104,
    "mae": 0.6294634929658438,
    "r2": 0.326720496823805
}